row_id,year,quarter,period,finalidad_code,finalidad_name,funcion_code,funcion_name,finalidad,funcion,credito_aprobado,modificaciones,credito_vigente,preventivo,compromiso,devengado,pagado,credito_disponible,credito_vig_devengado,devengado_no_pagado
2026_Q1_1.1,2026,1,2026_Q1,1,ADMINISTRACION GUBERNAMENTAL,1.1,LEGISLATIVA,1 - ADMINISTRACION GUBERNAMENTAL,1.1 - LEGISLATIVA,3590136142.0,,3590136142.0,8111281.5,658672548.48,634327548.48,553007331.89,2923352312.02,2955808593.52,81320216.59
2026_Q1_1.2,2026,1,2026_Q1,1,ADMINISTRACION GUBERNAMENTAL,1.2,JUDICIAL,1 - ADMINISTRACION GUBERNAMENTAL,1.2 - JUDICIAL,1090091965.8,,1090091965.8,2775000.0,259889550.43,256444330.43,229064645.89,827427415.37,833647635.37,27379684.54
2026_Q1_1.3,2026,1,2026_Q1,1,ADMINISTRACION GUBERNAMENTAL,1.3,DIRECCION SUPERIOR EJECUTIVA,1 - ADMINISTRACION GUBERNAMENTAL,1.3 - DIRECCION SUPERIOR EJECUTIVA,15372301500.32,3220268.37,15375521768.69,267058781.9,4653531676.85,3139185605.06,2602399430.42,10454931309.94,12236336163.63,536786174.64
2026_Q1_1.6,2026,1,2026_Q1,1,ADMINISTRACION GUBERNAMENTAL,1.6,ADMINISTRACION FISCAL,1 - ADMINISTRACION GUBERNAMENTAL,1.6 - ADMINISTRACION FISCAL,13812373310.29,802.58,13812374112.87,15150000.0,2410808291.5,2359537291.5,2041630737.04,11386415821.37,11452836821.37,317906554.46
2026_Q1_1.7,2026,1,2026_Q1,1,ADMINISTRACION GUBERNAMENTAL,1.7,CONTROL DE LA GESTION PÚBLICA,1 - ADMINISTRACION GUBERNAMENTAL,1.7 - CONTROL DE LA GESTION PÚBLICA,3309699845.84,1678.01,3309701523.85,116347141.67,777471360.28,561169608.26,456574540.99,2415883021.9,2748531915.59,104595067.27
2026_Q1_2,2026,1,2026_Q1,2,SERVICIOS DE SEGURIDAD,2,SERVICIOS DE SEGURIDAD,2 - SERVICIOS DE SEGURIDAD,2 - SERVICIOS DE SEGURIDAD,13725544808.68,8548930.66,13734093739.34,383517747.4,4801002017.6,3036872241.52,2351249387.01,8549573974.34,10697221497.82,685622854.51
2026_Q1_2.2,2026,1,2026_Q1,2,SERVICIOS DE SEGURIDAD,2.2,SISTEMA PENAL,2 - SERVICIOS DE SEGURIDAD,2.2 - SISTEMA PENAL,694844726.68,,694844726.68,,182468573.49,168898073.49,131121800.3,512376153.19,525946653.19,37776273.19
2026_Q1_2.4,2026,1,2026_Q1,2,SERVICIOS DE SEGURIDAD,2.4,SERVICIOS DE DEFENSA Y SEGURIDAD,2 - SERVICIOS DE SEGURIDAD,2.4 - SERVICIOS DE DEFENSA Y SEGURIDAD,8614668655.52,45246.68,8614713902.2,319540250.0,1415717428.82,1317894830.82,851862769.23,6879456223.38,7296819071.38,466032061.59
2026_Q1_3,2026,1,2026_Q1,3,SERVICIOS SOCIALES,3,SERVICIOS SOCIALES,3 - SERVICIOS SOCIALES,3 - SERVICIOS SOCIALES,4670547129.0,,4670547129.0,299710000.0,2708084806.58,852593690.6,835953940.6,1662752322.42,3817953438.4,16639750.0
2026_Q1_3.1,2026,1,2026_Q1,3,SERVICIOS SOCIALES,3.1,SALUD,3 - SERVICIOS SOCIALES,3.1 - SALUD,19009194809.91,66971876.88,19076166686.79,644742518.9,4910868819.57,4693582414.65,3858593258.33,13520555348.32,14382584272.14,834989156.32
2026_Q1_3.2,2026,1,2026_Q1,3,SERVICIOS SOCIALES,3.2,PROMOCION Y ASISTENCIA SOCIAL,3 - SERVICIOS SOCIALES,3.2 - PROMOCION Y ASISTENCIA SOCIAL,29885760407.28,3661530481.81,33547290889.09,7012812457.35,13522614208.73,4676033129.72,4263640377.56,13011864223.01,28871257759.37,412392752.16
2026_Q1_3.4,2026,1,2026_Q1,3,SERVICIOS SOCIALES,3.4,EDUCACION Y CULTURAL,3 - SERVICIOS SOCIALES,3.4 - EDUCACION Y CULTURAL,28219900.01,,28219900.01,,,,,28219900.01,28219900.01,
2026_Q1_3.4.1,2026,1,2026_Q1,3,SERVICIOS SOCIALES,3.4.1,ADMINISTRACION DE LA EDUCACION,3 - SERVICIOS SOCIALES,3.4.1 - ADMINISTRACION DE LA EDUCACION,12578672729.32,-477934660.32,12100738069.0,392442112.0,3475528268.15,2082386548.26,1848700773.41,8232767688.85,10018351520.74,233685774.85
2026_Q1_3.4.5,2026,1,2026_Q1,3,SERVICIOS SOCIALES,3.4.5,CULTURA,3 - SERVICIOS SOCIALES,3.4.5 - CULTURA,4499404666.84,168315.42,4499572982.26,42354350.0,1347113124.44,1001449298.54,855819219.82,3110105507.82,3498123683.72,145630078.72
2026_Q1_3.4.6,2026,1,2026_Q1,3,SERVICIOS SOCIALES,3.4.6,DEPORTE Y RECREACION,3 - SERVICIOS SOCIALES,3.4.6 - DEPORTE Y RECREACION,6940923846.56,137439486.17,7078363332.73,53458750.8,1428871092.6,1301996972.34,1143550772.16,5596033489.33,5776366360.39,158446200.18
2026_Q1_3.6,2026,1,2026_Q1,3,SERVICIOS SOCIALES,3.6,TRABAJO,3 - SERVICIOS SOCIALES,3.6 - TRABAJO,456930916.36,86983.38,457017899.74,4560000.0,215308246.95,146538236.95,102810656.55,237149652.79,310479662.79,43727580.4
2026_Q1_3.9.1,2026,1,2026_Q1,3,SERVICIOS SOCIALES,3.9.1,PLANEAMIENTO Y DESARROLLO URBANO,3 - SERVICIOS SOCIALES,3.9.1 - PLANEAMIENTO Y DESARROLLO URBANO,18803450479.52,-2343902415.27,16459548064.25,9662588522.23,8826245671.32,3174678408.68,2823865748.25,-2029286129.3,13284869655.57,350812660.43
2026_Q1_3.9.3,2026,1,2026_Q1,3,SERVICIOS SOCIALES,3.9.3,RECOLECCION DE RESIDUOS,3 - SERVICIOS SOCIALES,3.9.3 - RECOLECCION DE RESIDUOS,73884541692.48,,73884541692.48,335514649.71,76777228818.59,16496583988.08,15786161249.57,-3228201775.82,57387957704.4,710422738.51
2026_Q1_3.9.4,2026,1,2026_Q1,3,SERVICIOS SOCIALES,3.9.4,CEMENTERIOS,3 - SERVICIOS SOCIALES,3.9.4 - CEMENTERIOS,996655848.48,,996655848.48,,241402378.41,221146804.91,190575283.49,755253470.07,775509043.57,30571521.42
2026_Q1_3.9.9,2026,1,2026_Q1,3,SERVICIOS SOCIALES,3.9.9,OTROS SERVICIOS URBANOS,3 - SERVICIOS SOCIALES,3.9.9 - OTROS SERVICIOS URBANOS,7275323122.48,5969890819.39,13245213941.87,1047978679.6,3103675212.03,1993358902.63,1619185136.36,9093560050.24,11251855039.24,374173766.27
2026_Q1_4.4,2026,1,2026_Q1,4,SERVICIOS ECONOMICOS,4.4,ECOLOGIA Y MEDIO AMBIENTE,4 - SERVICIOS ECONOMICOS,4.4 - ECOLOGIA Y MEDIO AMBIENTE,7609322723.32,-3415095949.0,4194226774.32,19400000.0,1134235486.58,962195179.01,824105762.98,3040591287.74,3232031595.31,138089416.03
2026_Q1_4.6,2026,1,2026_Q1,4,SERVICIOS ECONOMICOS,4.6,INDSTRIA,4 - SERVICIOS ECONOMICOS,4.6 - INDSTRIA,551090563.0,,551090563.0,,74038064.11,74038064.11,59422548.17,477052498.89,477052498.89,14615515.94
2026_Q1_4.7,2026,1,2026_Q1,4,SERVICIOS ECONOMICOS,4.7,COMERCIO,4 - SERVICIOS ECONOMICOS,4.7 - COMERCIO,2629849993.0,-554216515.0,2075633478.0,419350000.0,627895465.54,627895465.54,564149815.36,1028388012.46,1447738012.46,63745650.18
2026_Q1_5.1,2026,1,2026_Q1,5,DEUDA PUBLICA,5.1,SERVICIOS DE LA DEUDA PUBLICA (INTERESES Y GAST,5 - DEUDA PUBLICA,5.1 - SERVICIOS DE LA DEUDA PUBLICA (INTERESES Y GAST,40115.74,,40115.74,,,,,40115.74,40115.74,
2026_Q1_5.2,2026,1,2026_Q1,5,DEUDA PUBLICA,5.2,EMERGENCIA,5 - DEUDA PUBLICA,5.2 - EMERGENCIA,1051074188.32,,1051074188.32,29037010.0,296794870.51,290775620.51,242561054.34,725242307.81,760298567.81,48214566.17
2026_Q1_9.9,2026,1,2026_Q1,9,SIN CLASIFICAR,9.9,SIN CLASIFICAR,9 - SIN CLASIFICAR,9.9 - SIN CLASIFICAR,8745144367.26,,8577021986.13,,17322166353.39,4231365670.68,4231365670.68,4231365670.68,13090800682.71,13090800682.71
